{
  "name": "calendar-weather",
  "title": "Calendar/Weather PF2e edition",
  "description": "Adds a customizable calendar with events and weather, adapted for PF2e.",
  "version": "3.1.2",
  "minimumCoreVersion": "0.7.0",
  "compatibleCoreVersion": "0.7.9",
  "author": "Fork by Ustin; Author: Michael Sebelski [DasSauerkraut#3215], about-time by tposney#1462",
  "url": "https://github.com/Ustin/calendar-weather",
  "manifest": "https://raw.githubusercontent.com/Ustin/calendar-weather/master/package/module.json",
  "download": "https://github.com/Ustin/calendar-weather/raw/master/package/calendar-weather-v3.1.2.1.zip",
  "esmodules": [
    "init.mjs",
    "modules/registerSettings.mjs",
    "modules/dateTime.mjs",
    "modules/month.mjs",
    "modules/weatherTracker.mjs",
    "modules/calendarEvents.mjs",
    "modules/calendar.mjs",
    "modules/calendarForm.mjs",
    "modules/warningSystem.mjs"
  ],
  "styles": [ "./css/calendar.css" ],
  "packs": [],
  "languages": [
    {
      "lang": "en",
      "name": "English",
      "path": "langs/en.json"
    }
  ],
  "dependencies": [
    {
      "name": "about-time",
      "manifest": "https://gitlab.com/tposney/about-time/-/raw/master/package/module.json"
    }
  ]
}
